pdb,mut_type,ddG_expt,chain
3dkm,N0Q,-0.0297871027141809,A
3dkm,N0E,0.3223451673984527,A
3dkm,N0H,0.2656363546848297,A
3dkm,N0D,0.2949249744415283,A
3dkm,N0T,-0.1309313923120498,A
3dkm,N0S,-0.1686129570007324,A
3dkm,N0A,-0.1554973274469375,A
3dkm,N0G,-0.1657335758209228,A
3dkm,N0M,-0.2959451079368591,A
3dkm,N0L,-0.152830496430397,A
3dkm,N0V,-0.1792249083518982,A
3dkm,N0I,-0.0525250434875488,A
3dkm,N0P,0.0858663320541381,A
3dkm,L1Q,0.5732309818267822,A
3dkm,L1E,0.7002701759338379,A
3dkm,L1N,0.6342736482620239,A
3dkm,L1H,0.661382794380188,A
3dkm,L1D,0.7301806211471558,A
3dkm,L1R,0.1597610563039779,A
3dkm,L1K,0.2786270380020141,A
3dkm,L1T,0.2749122083187103,A
3dkm,L1S,0.3962202668190002,A
3dkm,L1A,0.448481023311615,A
3dkm,L1G,0.6514773368835449,A
3dkm,L1M,0.2228076756000518,A
3dkm,L1V,0.0363574959337711,A
3dkm,L1I,0.4673081338405609,A
3dkm,L1W,-0.2670626640319824,A
3dkm,L1Y,-0.1393098086118698,A
3dkm,L1F,-0.1847238540649414,A
3dkm,L1P,0.5602773427963257,A
3dkm,Y2Q,0.4243113994598388,A
3dkm,Y2E,0.642168402671814,A
3dkm,Y2N,0.3103494942188263,A
3dkm,Y2H,0.4031618237495422,A
3dkm,Y2D,0.5367217063903809,A
3dkm,Y2R,-0.2434039115905761,A
3dkm,Y2K,-0.0673714503645896,A
3dkm,Y2T,0.1424596905708313,A
3dkm,Y2S,0.1586081534624099,A
3dkm,Y2A,0.2756388187408447,A
3dkm,Y2G,0.6839416027069092,A
3dkm,Y2M,0.15432870388031,A
3dkm,Y2L,0.2767824530601501,A
3dkm,Y2V,0.1481860727071762,A
3dkm,Y2I,0.1378741264343261,A
3dkm,Y2W,0.2514332234859466,A
3dkm,Y2F,0.2184327989816665,A
3dkm,Y2P,0.2737863063812256,A
3dkm,F3Q,0.2227688729763031,A
3dkm,F3E,0.3759394586086273,A
3dkm,F3N,-0.0323928333818912,A
3dkm,F3H,0.0268731005489826,A
3dkm,F3D,0.425528734922409,A
3dkm,F3R,-0.3677632510662079,A
3dkm,F3K,-0.1338607668876648,A
3dkm,F3T,-0.1780318319797516,A
3dkm,F3S,-0.2561202943325043,A
3dkm,F3A,0.0285027306526899,A
3dkm,F3G,-0.0540809407830238,A
3dkm,F3M,-0.0781042873859405,A
3dkm,F3L,0.0021890345960855,A
3dkm,F3V,-0.14731065928936,A
3dkm,F3I,-0.1296661496162414,A
3dkm,F3W,0.4050720036029815,A
3dkm,F3Y,0.2280272990465164,A
3dkm,F3P,0.5572469234466553,A
3dkm,Q4E,0.6329590678215027,A
3dkm,Q4N,-0.1591091454029083,A
3dkm,Q4H,0.1500630378723144,A
3dkm,Q4D,0.4963214695453644,A
3dkm,Q4R,-0.1890500485897064,A
3dkm,Q4K,0.1225633099675178,A
3dkm,Q4T,-0.0760511830449104,A
3dkm,Q4S,-0.0553795881569385,A
3dkm,Q4A,0.0265348628163337,A
3dkm,Q4G,-0.3535119891166687,A
3dkm,Q4M,-0.3568540811538696,A
3dkm,Q4L,-0.2378877997398376,A
3dkm,Q4V,-0.1398517191410064,A
3dkm,Q4I,-0.2014558911323547,A
3dkm,Q4W,0.1387293338775634,A
3dkm,Q4Y,-0.1836055219173431,A
3dkm,Q4F,-0.135578766465187,A
3dkm,Q4P,0.6524564623832703,A
3dkm,G5Q,0.5568254590034485,A
3dkm,G5E,0.5585786700248718,A
3dkm,G5N,0.0491851381957531,A
3dkm,G5H,0.3909872472286224,A
3dkm,G5D,0.8295666575431824,A
3dkm,G5R,-0.3724351227283478,A
3dkm,G5K,-0.1621806025505066,A
3dkm,G5T,0.3907094895839691,A
3dkm,G5S,0.1867238283157348,A
3dkm,G5A,0.4075529873371124,A
3dkm,G5M,1.135740876197815,A
3dkm,G5L,1.1118969917297363,A
3dkm,G5V,0.4979783296585083,A
3dkm,G5I,0.606692373752594,A
3dkm,G5W,0.6007025241851807,A
3dkm,G5Y,0.7114772796630859,A
3dkm,G5F,0.7127354145050049,A
3dkm,G5P,-0.4650822579860687,A
3dkm,L6Q,-0.4837974309921264,A
3dkm,L6E,-0.7292922735214233,A
3dkm,L6N,-0.764973521232605,A
3dkm,L6H,-0.654807448387146,A
3dkm,L6D,-0.99776029586792,A
3dkm,L6R,-0.6369973421096802,A
3dkm,L6K,-0.6844776272773743,A
3dkm,L6T,-0.6667557954788208,A
3dkm,L6S,-0.479853481054306,A
3dkm,L6A,-0.395389199256897,A
3dkm,L6G,-0.7656101584434509,A
3dkm,L6M,0.0798738673329353,A
3dkm,L6V,-0.1933845281600952,A
3dkm,L6I,-0.0608260855078697,A
3dkm,L6W,-0.2134573608636856,A
3dkm,L6Y,-0.5675950646400452,A
3dkm,L6F,-0.4841346442699432,A
3dkm,L6P,-1.0130043029785156,A
3dkm,L6C,0.4808055162429809,A
3dkm,K7Q,0.0756894871592521,A
3dkm,K7E,0.4537904858589172,A
3dkm,K7N,-0.3144758641719818,A
3dkm,K7H,-0.1427502781152725,A
3dkm,K7D,-0.0720002725720405,A
3dkm,K7R,-0.2916625738143921,A
3dkm,K7T,-0.4269298613071441,A
3dkm,K7S,-0.2514525949954986,A
3dkm,K7A,-0.1347529292106628,A
3dkm,K7G,-0.2890807092189789,A
3dkm,K7M,-0.0495119206607341,A
3dkm,K7L,-0.2249391824007034,A
3dkm,K7V,-0.1481088697910308,A
3dkm,K7I,-0.0070788697339594,A
3dkm,K7W,-0.3075869381427765,A
3dkm,K7Y,-0.4555644094944,A
3dkm,K7F,-0.2326806932687759,A
3dkm,K7P,-0.3626115024089813,A
3dkm,K7C,0.8770074844360352,A
3dkm,Y8Q,-0.4277408421039581,A
3dkm,Y8E,-0.3202371895313263,A
3dkm,Y8N,-0.7525181770324707,A
3dkm,Y8H,-0.2202252596616745,A
3dkm,Y8D,-0.3857319056987762,A
3dkm,Y8R,-0.6090783476829529,A
3dkm,Y8K,-0.5289602875709534,A
3dkm,Y8T,-0.742542028427124,A
3dkm,Y8S,-0.5238422155380249,A
3dkm,Y8A,-0.5367267727851868,A
3dkm,Y8G,-0.6004194617271423,A
3dkm,Y8M,-0.3617896437644958,A
3dkm,Y8L,-0.3647603094577789,A
3dkm,Y8V,-0.8115416169166565,A
3dkm,Y8I,-0.8597524762153625,A
3dkm,Y8W,-0.1053299456834793,A
3dkm,Y8F,-0.0509159676730632,A
3dkm,Y8P,-1.1839464902877808,A
3dkm,Y8C,0.5310624837875366,A
3dkm,M9Q,-1.9672486782073972,A
3dkm,M9E,-1.9271167516708372,A
3dkm,M9H,-1.977425575256348,A
3dkm,M9R,-1.26436448097229,A
3dkm,M9K,-1.8845443725585935,A
3dkm,M9T,-1.9914625883102417,A
3dkm,M9S,-2.087761878967285,A
3dkm,M9A,-1.449879765510559,A
3dkm,M9G,-2.040278434753418,A
3dkm,M9L,0.0028904096689075,A
3dkm,M9V,-0.5527287125587463,A
3dkm,M9I,-0.288215696811676,A
3dkm,M9W,0.0417787209153175,A
3dkm,M9Y,0.0710126608610153,A
3dkm,M9F,0.4466876685619354,A
3dkm,M9P,-1.904513239860535,A
3dkm,M9C,-0.4442756175994873,A
3dkm,V10Q,-0.5053885579109192,A
3dkm,V10E,-0.746829628944397,A
3dkm,V10N,-0.9539062976837158,A
3dkm,V10H,-0.5449926853179932,A
3dkm,V10D,-2.017786026000977,A
3dkm,V10R,-0.2342584580183029,A
3dkm,V10K,-0.1266116946935653,A
3dkm,V10T,-0.2461268305778503,A
3dkm,V10S,-0.6517523527145386,A
3dkm,V10A,-0.5611892938613892,A
3dkm,V10G,-0.7311154007911682,A
3dkm,V10M,-0.56440669298172,A
3dkm,V10L,-0.4931240677833557,A
3dkm,V10I,0.0457790903747081,A
3dkm,V10W,-0.8269520401954651,A
3dkm,V10Y,-0.5303013920783997,A
3dkm,V10F,-0.4948043823242187,A
3dkm,V10P,-1.3441219329833984,A
3dkm,V10C,0.4399315118789673,A
3dkm,P11Q,-0.4566977620124817,A
3dkm,P11E,-0.3812717497348785,A
3dkm,P11N,-0.5022213459014893,A
3dkm,P11H,-0.466326355934143,A
3dkm,P11D,-0.8008801937103271,A
3dkm,P11R,-0.2099515348672866,A
3dkm,P11K,-0.0250354167073965,A
3dkm,P11T,-0.3430455327033996,A
3dkm,P11S,-0.3999055922031402,A
3dkm,P11A,-0.1671227216720581,A
3dkm,P11G,-0.8613458871841431,A
3dkm,P11M,0.0108188102021813,A
3dkm,P11L,0.0943353548645973,A
3dkm,P11V,0.0017327293753623,A
3dkm,P11I,0.1453525722026825,A
3dkm,P11W,-0.5433241128921509,A
3dkm,P11Y,-0.2045218646526336,A
3dkm,P11F,-0.3078816831111908,A
3dkm,P11C,0.6296762824058533,A
3dkm,G12Q,-1.681933879852295,A
3dkm,G12E,-2.0586025714874268,A
3dkm,G12N,-1.3980712890625,A
3dkm,G12H,-1.535554051399231,A
3dkm,G12D,-2.637288808822632,A
3dkm,G12R,-1.6060891151428225,A
3dkm,G12K,-1.903369903564453,A
3dkm,G12T,-1.9706764221191408,A
3dkm,G12S,-1.5590444803237915,A
3dkm,G12A,-1.8322434425354004,A
3dkm,G12M,-1.3201572895050049,A
3dkm,G12L,-1.8217381238937376,A
3dkm,G12V,-2.0833117961883545,A
3dkm,G12I,-2.815117835998535,A
3dkm,G12W,-1.6955949068069458,A
3dkm,G12Y,-1.3235008716583252,A
3dkm,G12F,-1.334704041481018,A
3dkm,G12P,-1.9814289808273315,A
3dkm,G12C,-0.2469853162765503,A
3dkm,A13Q,-0.5794632434844971,A
3dkm,A13E,-1.5423564910888672,A
3dkm,A13N,-1.5178682804107666,A
3dkm,A13H,-1.7730567455291748,A
3dkm,A13D,-1.04390287399292,A
3dkm,A13R,-0.7584421634674072,A
3dkm,A13K,-1.2248936891555786,A
3dkm,A13T,-0.2358660846948623,A
3dkm,A13S,-0.4533718228340149,A
3dkm,A13G,-1.860182523727417,A
3dkm,A13M,-0.516212522983551,A
3dkm,A13L,-1.061982274055481,A
3dkm,A13V,-0.1977068930864334,A
3dkm,A13I,-0.659771203994751,A
3dkm,A13W,-1.846601605415344,A
3dkm,A13Y,-1.7871896028518677,A
3dkm,A13F,-1.7401916980743408,A
3dkm,A13P,-3.341184139251709,A
3dkm,A13C,0.2863520085811615,A
3dkm,R14Q,-3.2781295776367188,A
3dkm,R14N,-3.1463656425476074,A
3dkm,R14H,-2.1254568099975586,A
3dkm,R14D,-2.673553943634033,A
3dkm,R14K,-0.635944664478302,A
3dkm,R14T,-2.522843837738037,A
3dkm,R14S,-2.623070478439331,A
3dkm,R14A,-2.8577795028686523,A
3dkm,R14G,-2.881575345993042,A
3dkm,R14M,-2.051950454711914,A
3dkm,R14L,-2.424667835235596,A
3dkm,R14V,-2.0521223545074463,A
3dkm,R14I,-1.9557297229766848,A
3dkm,R14W,-1.552427887916565,A
3dkm,R14Y,-2.7599310874938965,A
3dkm,R14F,-1.8308393955230715,A
3dkm,R14C,-1.6801387071609497,A
3dkm,V15H,-3.4579854011535645,A
3dkm,V15D,-3.463030815124512,A
3dkm,V15R,-3.0501012802124023,A
3dkm,V15A,-3.45544695854187,A
3dkm,V15L,-3.456944465637207,A
3dkm,V15I,-1.3024505376815796,A
3dkm,V15W,-2.3052022457122803,A
3dkm,V15Y,-2.4444143772125244,A
3dkm,V15F,-2.1965975761413574,A
3dkm,V15P,-2.7414262294769287,A
3dkm,V15C,-1.8851172924041748,A
3dkm,T16Q,-0.0523087754845619,A
3dkm,T16E,-0.3628761172294616,A
3dkm,T16N,-1.0068374872207642,A
3dkm,T16H,-0.8671296238899231,A
3dkm,T16D,-3.408102512359619,A
3dkm,T16R,0.045207493007183,A
3dkm,T16K,-0.147524207830429,A
3dkm,T16S,-0.279112160205841,A
3dkm,T16A,-0.2510828673839569,A
3dkm,T16G,-1.0367246866226196,A
3dkm,T16M,0.1821703910827636,A
3dkm,T16L,-0.0005400537047535,A
3dkm,T16V,0.357256531715393,A
3dkm,T16I,0.3448820412158966,A
3dkm,T16W,-1.206420660018921,A
3dkm,T16Y,-1.282231092453003,A
3dkm,T16F,-0.9435831904411316,A
3dkm,T16P,-2.667766094207764,A
3dkm,T16C,0.7387288212776184,A
3dkm,R17Q,-1.2048842906951904,A
3dkm,R17E,-3.1323931217193604,A
3dkm,R17N,-2.9259932041168213,A
3dkm,R17H,-1.5804328918457031,A
3dkm,R17K,-1.519329071044922,A
3dkm,R17T,-1.5663269758224487,A
3dkm,R17S,-1.9692180156707764,A
3dkm,R17A,-1.1986194849014282,A
3dkm,R17G,-2.330554723739624,A
3dkm,R17M,-0.8665593862533569,A
3dkm,R17L,-0.5460314154624939,A
3dkm,R17V,-1.1278886795043943,A
3dkm,R17I,-0.9650111198425292,A
3dkm,R17W,-1.1001207828521729,A
3dkm,R17Y,-1.1571931838989258,A
3dkm,R17F,-0.82684326171875,A
3dkm,R17P,-1.0752838850021362,A
3dkm,R17C,-1.0245933532714844,A
3dkm,G18Q,-1.3572978973388672,A
3dkm,G18E,-2.2900850772857666,A
3dkm,G18N,-0.8159416913986206,A
3dkm,G18H,-1.5017297267913818,A
3dkm,G18D,-1.623610019683838,A
3dkm,G18R,-0.9103431105613708,A
3dkm,G18K,-1.2490254640579224,A
3dkm,G18T,-1.2964887619018557,A
3dkm,G18S,-1.111556887626648,A
3dkm,G18A,-0.9427725076675416,A
3dkm,G18M,-1.2259063720703125,A
3dkm,G18L,-1.2256475687026978,A
3dkm,G18V,-1.0401411056518557,A
3dkm,G18I,-1.0014556646347046,A
3dkm,G18W,-1.1090553998947144,A
3dkm,G18Y,-1.306802749633789,A
3dkm,G18F,-1.1069440841674805,A
3dkm,G18P,-2.245556354522705,A
3dkm,G18C,-0.5351256132125854,A
3dkm,L19Q,0.1326107531785965,A
3dkm,L19E,-0.2041301280260086,A
3dkm,L19N,0.0300450176000595,A
3dkm,L19H,0.0120224086567759,A
3dkm,L19D,-0.0815002843737602,A
3dkm,L19R,0.1683347374200821,A
3dkm,L19K,-0.0030175459105521,A
3dkm,L19T,0.0175229310989379,A
3dkm,L19S,-0.1561166942119598,A
3dkm,L19A,-0.0274000689387321,A
3dkm,L19G,-0.3360249996185303,A
3dkm,L19M,0.0804333910346031,A
3dkm,L19V,0.0809208750724792,A
3dkm,L19I,0.0242998246103525,A
3dkm,L19W,-0.0494398809969425,A
3dkm,L19Y,-0.1510866582393646,A
3dkm,L19F,-0.1065402552485466,A
3dkm,L19P,0.2448753118515014,A
3dkm,L19C,0.5406913757324219,A
3dkm,D20Q,-1.6787029504776,A
3dkm,D20E,-1.7556830644607544,A
3dkm,D20N,-0.5098798871040344,A
3dkm,D20H,-0.1880044043064117,A
3dkm,D20R,-1.3446460962295532,A
3dkm,D20K,-1.93445897102356,A
3dkm,D20T,-1.9272297620773315,A
3dkm,D20S,-1.2598209381103516,A
3dkm,D20A,-1.5979689359664917,A
3dkm,D20G,-1.5383946895599363,A
3dkm,D20M,-1.9618241786956787,A
3dkm,D20L,-1.8264316320419312,A
3dkm,D20V,-1.5280179977416992,A
3dkm,D20I,-1.8111567497253416,A
3dkm,D20W,-1.3406903743743896,A
3dkm,D20Y,-1.2974696159362793,A
3dkm,D20F,-1.513043761253357,A
3dkm,D20P,-1.9431052207946775,A
3dkm,D20C,-0.8973531723022461,A
3dkm,W21Q,-2.067411422729492,A
3dkm,W21E,-1.786865472793579,A
3dkm,W21N,-1.987865328788757,A
3dkm,W21H,-1.8046646118164065,A
3dkm,W21D,-1.797260046005249,A
3dkm,W21R,-2.0911974906921387,A
3dkm,W21K,-2.3426356315612797,A
3dkm,W21T,-1.8301587104797363,A
3dkm,W21S,-1.5640931129455566,A
3dkm,W21A,-1.5472015142440796,A
3dkm,W21G,-2.011066675186157,A
3dkm,W21M,-1.622847080230713,A
3dkm,W21L,-1.3267241716384888,A
3dkm,W21V,-1.6685237884521484,A
3dkm,W21I,-1.6754430532455444,A
3dkm,W21Y,-1.174059271812439,A
3dkm,W21F,-1.2588510513305664,A
3dkm,W21P,-2.082641839981079,A
3dkm,W21C,-1.1815619468688965,A
3dkm,K22Q,-0.150562971830368,A
3dkm,K22E,-0.1849723011255264,A
3dkm,K22N,-0.4514015614986419,A
3dkm,K22H,-0.8992047309875488,A
3dkm,K22D,-0.2809160351753235,A
3dkm,K22R,-0.5595824122428894,A
3dkm,K22T,-0.466947078704834,A
3dkm,K22S,-0.3143951296806335,A
3dkm,K22A,-0.3128967881202698,A
3dkm,K22G,-1.030464768409729,A
3dkm,K22M,-0.1180738285183906,A
3dkm,K22L,-0.9845191836357116,A
3dkm,K22V,-0.1414094865322113,A
3dkm,K22I,0.1355058997869491,A
3dkm,K22W,-1.1437602043151855,A
3dkm,K22Y,-1.1555814743041992,A
3dkm,K22F,-1.1643552780151367,A
3dkm,K22P,-0.7091029286384583,A
3dkm,K22C,0.4782008230686188,A
3dkm,W23Q,-1.7066630125045776,A
3dkm,W23E,-1.130405306816101,A
3dkm,W23N,-1.1968752145767212,A
3dkm,W23H,-1.2725707292556765,A
3dkm,W23D,-0.9879164099693298,A
3dkm,W23R,-1.904058694839477,A
3dkm,W23K,-1.841431260108948,A
3dkm,W23T,-1.465904712677002,A
3dkm,W23S,-0.9411897659301758,A
3dkm,W23A,-1.169342279434204,A
3dkm,W23G,-0.9008632898330688,A
3dkm,W23M,-1.524408221244812,A
3dkm,W23L,-1.5350308418273926,A
3dkm,W23V,-1.4096494913101196,A
3dkm,W23I,-1.5012067556381226,A
3dkm,W23Y,-0.2627918422222137,A
3dkm,W23F,-1.2788842916488647,A
3dkm,W23P,-1.1437859535217283,A
3dkm,W23C,-0.8685526847839355,A
3dkm,R24Q,0.1828394532203674,A
3dkm,R24E,0.2431386709213256,A
3dkm,R24N,0.2947032451629638,A
3dkm,R24H,0.2449100464582443,A
3dkm,R24D,0.4350160658359527,A
3dkm,R24K,0.1320784986019134,A
3dkm,R24T,-0.0773959532380104,A
3dkm,R24S,0.1557538360357284,A
3dkm,R24A,0.4091828763484955,A
3dkm,R24G,0.4502671360969543,A
3dkm,R24M,0.3631185591220855,A
3dkm,R24L,0.252672404050827,A
3dkm,R24V,-0.1520261466503143,A
3dkm,R24I,-0.3759854137897491,A
3dkm,R24W,0.1161843091249466,A
3dkm,R24Y,-0.0432178936898708,A
3dkm,R24F,0.14539435505867,A
3dkm,R24P,-0.5592229962348938,A
3dkm,R24C,0.7534635066986084,A
3dkm,D25Q,-0.4953742027282715,A
3dkm,D25E,-0.203233391046524,A
3dkm,D25N,-0.1447162628173828,A
3dkm,D25H,-0.7514187097549438,A
3dkm,D25R,-1.112472414970398,A
3dkm,D25K,-1.1566081047058103,A
3dkm,D25T,-0.7364678382873535,A
3dkm,D25S,-0.4723800122737884,A
3dkm,D25A,-0.7701051235198975,A
3dkm,D25G,-0.923851191997528,A
3dkm,D25M,-0.8056685924530029,A
3dkm,D25L,-0.9786325693130492,A
3dkm,D25V,-1.1581556797027588,A
3dkm,D25I,-1.2797125577926636,A
3dkm,D25W,-1.232146143913269,A
3dkm,D25Y,-0.9732785224914552,A
3dkm,D25F,-0.8319883942604065,A
3dkm,D25P,-1.5647109746932983,A
3dkm,D25C,0.0178385842591524,A
3dkm,Q26E,0.0876075699925422,A
3dkm,Q26N,-1.118567705154419,A
3dkm,Q26H,-1.0167940855026243,A
3dkm,Q26D,-0.3496267795562744,A
3dkm,Q26R,-1.4483221769332886,A
3dkm,Q26K,-1.3475626707077026,A
3dkm,Q26T,-1.1187376976013184,A
3dkm,Q26S,-1.0092202425003052,A
3dkm,Q26A,-0.747814416885376,A
3dkm,Q26G,-0.9622718691825868,A
3dkm,Q26M,-1.1878408193588257,A
3dkm,Q26L,-1.4557751417160034,A
3dkm,Q26V,-1.1090935468673706,A
3dkm,Q26I,-1.4885423183441162,A
3dkm,Q26W,-1.3060396909713743,A
3dkm,Q26Y,-1.2800428867340088,A
3dkm,Q26F,-1.307112455368042,A
3dkm,Q26P,-1.3924379348754885,A
3dkm,Q26C,-0.7887682318687439,A
3dkm,D27Q,-1.5951992273330688,A
3dkm,D27E,-1.2416844367980957,A
3dkm,D27N,-0.1507162153720855,A
3dkm,D27H,-1.6788884401321411,A
3dkm,D27R,-1.9484763145446775,A
3dkm,D27K,-1.6467407941818235,A
3dkm,D27T,-1.4551538228988647,A
3dkm,D27S,-1.3445903062820437,A
3dkm,D27A,-1.5190922021865845,A
3dkm,D27G,-0.9702423214912416,A
3dkm,D27M,-1.6378554105758667,A
3dkm,D27L,-1.813427448272705,A
3dkm,D27V,-1.4763195514678955,A
3dkm,D27I,-1.396798849105835,A
3dkm,D27W,-1.5828686952590942,A
3dkm,D27Y,-1.583219289779663,A
3dkm,D27F,-1.542973518371582,A
3dkm,D27P,-1.303542137145996,A
3dkm,D27C,-1.115258812904358,A
3dkm,G28Q,-1.310733437538147,A
3dkm,G28E,-1.282671332359314,A
3dkm,G28N,-1.2739439010620115,A
3dkm,G28H,-1.3221335411071775,A
3dkm,G28D,-1.0283994674682615,A
3dkm,G28R,-1.5912458896636963,A
3dkm,G28K,-1.5435782670974731,A
3dkm,G28T,-1.352263569831848,A
3dkm,G28S,-1.2173335552215576,A
3dkm,G28A,-1.4888756275177002,A
3dkm,G28M,-1.428786277770996,A
3dkm,G28L,-1.5001013278961182,A
3dkm,G28V,-1.24164879322052,A
3dkm,G28I,-1.3768495321273804,A
3dkm,G28W,-1.535680055618286,A
3dkm,G28Y,-1.5356721878051758,A
3dkm,G28F,-1.2973681688308716,A
3dkm,G28P,-1.4215593338012695,A
3dkm,G28C,-0.8791344165802002,A
3dkm,S29Q,0.0637741684913635,A
3dkm,S29E,-0.1134937927126884,A
3dkm,S29N,0.1979830712080001,A
3dkm,S29H,-0.031537190079689,A
3dkm,S29D,0.1788039654493332,A
3dkm,S29R,-0.1156021505594253,A
3dkm,S29K,0.0165832936763763,A
3dkm,S29T,0.2720323204994201,A
3dkm,S29A,-0.224809393286705,A
3dkm,S29G,0.35584157705307,A
3dkm,S29M,-0.0743684545159339,A
3dkm,S29L,0.0373936668038368,A
3dkm,S29V,0.3071779012680053,A
3dkm,S29I,0.2947409451007843,A
3dkm,S29W,-0.2252705991268158,A
3dkm,S29Y,-0.1078372523188591,A
3dkm,S29F,-0.1457952260971069,A
3dkm,S29P,-0.539860725402832,A
3dkm,P30Q,-0.7980632781982422,A
3dkm,P30E,-0.5519604682922363,A
3dkm,P30N,-0.6115483045578003,A
3dkm,P30H,-0.6977578401565552,A
3dkm,P30D,-0.6430996060371399,A
3dkm,P30R,-1.1389597654342651,A
3dkm,P30K,-1.0533242225646973,A
3dkm,P30T,-0.6488868594169617,A
3dkm,P30S,-0.7303190231323242,A
3dkm,P30A,-0.6327903866767883,A
3dkm,P30G,-0.6981726884841919,A
3dkm,P30M,-0.7296037673950195,A
3dkm,P30L,-0.8265385627746582,A
3dkm,P30V,-0.735080361366272,A
3dkm,P30I,-0.6624414324760437,A
3dkm,P30W,-0.9304514527320862,A
3dkm,P30Y,-0.7665618062019348,A
3dkm,P30F,-0.5857710838317871,A
3dkm,P30C,0.1352073401212692,A
3dkm,Q31E,-0.2689202725887298,A
3dkm,Q31N,0.1440514028072357,A
3dkm,Q31H,-0.0162977427244186,A
3dkm,Q31D,-0.2705309092998504,A
3dkm,Q31R,-0.1067457273602485,A
3dkm,Q31K,-0.231621116399765,A
3dkm,Q31T,-0.2925921082496643,A
3dkm,Q31S,0.1499753296375274,A
3dkm,Q31A,0.3168169260025024,A
3dkm,Q31G,0.2176513671875,A
3dkm,Q31M,0.0022259361576288,A
3dkm,Q31L,-0.3420679569244385,A
3dkm,Q31V,-0.6434556841850281,A
3dkm,Q31I,-0.5974372625350952,A
3dkm,Q31W,-0.2440099120140075,A
3dkm,Q31Y,-0.1233226135373115,A
3dkm,Q31F,-0.0132909128442406,A
3dkm,Q31P,0.3905221819877624,A
3dkm,Q31C,0.508087694644928,A
3dkm,G32Q,-0.6457088589668274,A
3dkm,G32E,-1.0743122100830078,A
3dkm,G32N,-1.2606133222579956,A
3dkm,G32H,-1.0900195837020874,A
3dkm,G32D,-0.9895323514938354,A
3dkm,G32R,-0.6530725955963135,A
3dkm,G32K,-0.9822636246681212,A
3dkm,G32T,-0.1275897175073623,A
3dkm,G32S,-0.1020255014300346,A
3dkm,G32A,-0.6571919322013855,A
3dkm,G32M,-0.6471352577209473,A
3dkm,G32L,-1.05554461479187,A
3dkm,G32V,-1.5314385890960691,A
3dkm,G32I,-1.6206015348434448,A
3dkm,G32W,-1.2265548706054688,A
3dkm,G32Y,-1.4073668718338013,A
3dkm,G32F,-1.2548011541366575,A
3dkm,G32P,-1.5256075859069824,A
3dkm,G32C,-0.0745911076664924,A
3dkm,E33Q,0.0018674641614779,A
3dkm,E33N,-0.1895759105682373,A
3dkm,E33H,0.0029593326617032,A
3dkm,E33D,-0.6849284768104553,A
3dkm,E33R,0.051251720637083,A
3dkm,E33K,-0.0678280964493751,A
3dkm,E33T,0.0007042549550533,A
3dkm,E33S,-0.025689149275422,A
3dkm,E33A,0.0652141347527504,A
3dkm,E33G,-0.3460356295108795,A
3dkm,E33M,0.2582252919673919,A
3dkm,E33L,0.316568374633789,A
3dkm,E33V,0.1433104276657104,A
3dkm,E33I,0.2293875962495803,A
3dkm,E33W,0.1531735211610794,A
3dkm,E33Y,0.2519035041332245,A
3dkm,E33F,0.177907109260559,A
3dkm,E33P,0.1524967551231384,A
3dkm,E33C,0.4220471084117889,A
3dkm,G34N,-3.1348602771759038,A
3dkm,G34H,-2.799715280532837,A
3dkm,G34D,-3.4189791679382324,A
3dkm,G34R,-2.578068971633911,A
3dkm,G34S,-3.050049066543579,A
3dkm,G34M,-2.1862025260925293,A
3dkm,G34L,-2.697884321212769,A
3dkm,G34V,-2.4864680767059326,A
3dkm,G34I,-2.559204578399658,A
3dkm,G34W,-2.3793318271636963,A
3dkm,G34Y,-2.343222141265869,A
3dkm,G34F,-2.057185649871826,A
3dkm,G34C,-2.6982743740081787,A
3dkm,T35Q,-1.087987184524536,A
3dkm,T35E,-1.1992273330688477,A
3dkm,T35N,-1.7416770458221436,A
3dkm,T35H,-1.7343136072158811,A
3dkm,T35R,-0.9726348519325256,A
3dkm,T35K,-1.5307294130325315,A
3dkm,T35S,-0.8439661860466003,A
3dkm,T35A,-1.656416654586792,A
3dkm,T35G,-2.961620092391968,A
3dkm,T35M,-0.7112645506858826,A
3dkm,T35L,-1.0696760416030884,A
3dkm,T35V,-0.2819680273532867,A
3dkm,T35I,-0.5935918092727661,A
3dkm,T35W,-1.09072744846344,A
3dkm,T35Y,-1.064388871192932,A
3dkm,T35F,-1.548499345779419,A
3dkm,T35P,-3.060828447341919,A
3dkm,T35C,-0.2750665247440338,A
3dkm,V36Q,-3.057203769683838,A
3dkm,V36E,-3.121913194656372,A
3dkm,V36D,-3.350896120071411,A
3dkm,V36R,-3.395584344863892,A
3dkm,V36T,-1.9364347457885744,A
3dkm,V36A,-2.2154581546783447,A
3dkm,V36M,-2.393610715866089,A
3dkm,V36L,-1.1655218601226809,A
3dkm,V36I,0.1173952892422676,A
3dkm,V36W,-3.053276538848877,A
3dkm,V36Y,-3.292755603790283,A
3dkm,V36F,-2.809270143508911,A
3dkm,V36C,-0.7625167369842529,A
3dkm,T37Q,-0.6797848343849182,A
3dkm,T37E,-1.1996058225631714,A
3dkm,T37N,-0.7877813577651978,A
3dkm,T37H,-1.0106165409088137,A
3dkm,T37D,-1.026536464691162,A
3dkm,T37R,-0.6498346328735352,A
3dkm,T37K,-0.7433755993843079,A
3dkm,T37S,-0.2971909344196319,A
3dkm,T37A,-0.6352887153625488,A
3dkm,T37G,-1.3686630725860596,A
3dkm,T37M,-0.1679334938526153,A
3dkm,T37L,-0.625064492225647,A
3dkm,T37V,-0.0244942288845777,A
3dkm,T37I,-0.0196106322109699,A
3dkm,T37W,-1.4155720472335815,A
3dkm,T37Y,-1.115310549736023,A
3dkm,T37F,-0.90240877866745,A
3dkm,T37C,0.1259372532367706,A
3dkm,G38Q,-1.130926489830017,A
3dkm,G38E,-1.51055109500885,A
3dkm,G38N,-0.5123884677886963,A
3dkm,G38H,-0.8233957886695862,A
3dkm,G38D,-1.163731813430786,A
3dkm,G38R,-0.3498122692108154,A
3dkm,G38K,-0.4149526059627533,A
3dkm,G38T,-0.1836646348237991,A
3dkm,G38S,0.2079318612813949,A
3dkm,G38A,-0.4399232566356659,A
3dkm,G38M,-1.262884259223938,A
3dkm,G38L,-1.7899240255355835,A
3dkm,G38V,-1.40088951587677,A
3dkm,G38I,-1.6517038345336914,A
3dkm,G38W,-1.8347718715667725,A
3dkm,G38Y,-1.8992297649383545,A
3dkm,G38F,-1.5473791360855105,A
3dkm,G38C,-0.1642928570508957,A
3dkm,E39Q,-0.0395217984914779,A
3dkm,E39N,0.0247955992817878,A
3dkm,E39H,0.0925987213850021,A
3dkm,E39D,-0.2488575279712677,A
3dkm,E39R,-0.1299605518579483,A
3dkm,E39K,-0.0287773944437503,A
3dkm,E39T,0.0267728921025991,A
3dkm,E39S,-0.0215342361479997,A
3dkm,E39A,0.1405394971370697,A
3dkm,E39G,-0.2072239071130752,A
3dkm,E39M,-0.0109037579968571,A
3dkm,E39L,0.0119772022590041,A
3dkm,E39V,0.0885957181453704,A
3dkm,E39I,0.0456297285854816,A
3dkm,E39W,0.1604163944721222,A
3dkm,E39Y,0.226530835032463,A
3dkm,E39F,0.3152803182601928,A
3dkm,E39P,0.0098914271220564,A
3dkm,L40Q,-1.031400442123413,A
3dkm,L40E,-1.1737821102142334,A
3dkm,L40N,-1.19245445728302,A
3dkm,L40H,-0.9879774451255798,A
3dkm,L40D,-2.013059616088867,A
3dkm,L40R,-0.8924021124839783,A
3dkm,L40K,-1.455478549003601,A
3dkm,L40T,-1.056031346321106,A
3dkm,L40S,-0.940802276134491,A
3dkm,L40A,-0.7620950937271118,A
3dkm,L40G,-1.3907891511917114,A
3dkm,L40M,-0.3134883344173431,A
3dkm,L40V,-0.4580874443054199,A
3dkm,L40I,-0.1264608204364776,A
3dkm,L40W,-0.0296888258308172,A
3dkm,L40Y,-0.4497020244598388,A
3dkm,L40F,-0.4136410355567932,A
3dkm,L40P,-0.7420394420623779,A
3dkm,L40C,-0.2966958880424499,A
3dkm,H41Q,-0.1615958213806152,A
3dkm,H41E,-0.2690784037113189,A
3dkm,H41N,-0.0754208639264106,A
3dkm,H41D,-0.3572322130203247,A
3dkm,H41R,0.099335141479969,A
3dkm,H41K,0.0075489711016416,A
3dkm,H41T,0.0480829142034053,A
3dkm,H41S,-0.1667203456163406,A
3dkm,H41A,-0.2126356661319732,A
3dkm,H41G,-1.0736733675003052,A
3dkm,H41M,-0.1398688107728958,A
3dkm,H41L,-0.1212989464402198,A
3dkm,H41V,0.0647158324718475,A
3dkm,H41I,0.0733656957745552,A
3dkm,H41W,-0.2938559055328369,A
3dkm,H41Y,-0.0064106830395758,A
3dkm,H41F,-0.1941559612751007,A
3dkm,H41P,-2.3620259761810303,A
3dkm,N42Q,-0.2574535310268402,A
3dkm,N42E,-0.3071573972702026,A
3dkm,N42H,-0.128718689084053,A
3dkm,N42D,-0.1752299219369888,A
3dkm,N42R,-0.2611518204212188,A
3dkm,N42K,-0.3573701977729797,A
3dkm,N42T,-1.1684556007385254,A
3dkm,N42S,-0.4137216508388519,A
3dkm,N42A,-0.3134992122650146,A
3dkm,N42G,-0.2851123213768005,A
3dkm,N42M,-0.1425749957561493,A
3dkm,N42L,-0.3773252367973327,A
3dkm,N42V,-1.0189298391342163,A
3dkm,N42I,-1.1907943487167358,A
3dkm,N42W,-0.6267654299736023,A
3dkm,N42Y,-0.3481272757053375,A
3dkm,N42F,-0.351956158876419,A
3dkm,N42P,-2.3625497817993164,A
3dkm,N42C,0.5245825052261353,A
3dkm,G43Q,-2.44963002204895,A
3dkm,G43E,-2.9908759593963623,A
3dkm,G43N,-2.340682983398437,A
3dkm,G43H,-2.641420841217041,A
3dkm,G43D,-2.8216888904571533,A
3dkm,G43S,-2.7615649700164795,A
3dkm,G43A,-2.3592991828918457,A
3dkm,G43M,-2.026014566421509,A
3dkm,G43L,-1.9948371648788448,A
3dkm,G43V,-1.7346739768981934,A
3dkm,G43I,-2.2145025730133057,A
3dkm,G43W,-1.745735764503479,A
3dkm,G43Y,-2.065680265426636,A
3dkm,G43F,-1.7189522981643677,A
3dkm,G43C,-1.8184505701065063,A
3dkm,W44Q,-3.3147225379943848,A
3dkm,W44H,-2.1973416805267334,A
3dkm,W44R,-1.8201087713241575,A
3dkm,W44K,-2.3931779861450195,A
3dkm,W44T,-2.75141716003418,A
3dkm,W44A,-3.0863757133483887,A
3dkm,W44M,-1.1077547073364258,A
3dkm,W44L,-1.6431705951690674,A
3dkm,W44V,-2.276293992996216,A
3dkm,W44I,-1.9829672574996948,A
3dkm,W44Y,-0.9013837575912476,A
3dkm,W44F,-1.273182034492493,A
3dkm,W44C,-1.44630229473114,A
3dkm,I45Q,-3.0185861587524414,A
3dkm,I45H,-2.800771474838257,A
3dkm,I45K,-2.61043381690979,A
3dkm,I45T,-2.726262331008911,A
3dkm,I45A,-2.050390720367432,A
3dkm,I45M,-1.0229780673980713,A
3dkm,I45L,-0.2094003409147262,A
3dkm,I45V,-0.2252727299928665,A
3dkm,I45W,-1.843945264816284,A
3dkm,I45Y,-2.497459650039673,A
3dkm,I45F,-2.678891181945801,A
3dkm,I45C,-1.445855736732483,A
3dkm,D46Q,0.4880955815315246,A
3dkm,D46E,0.3784955143928528,A
3dkm,D46N,0.0325403474271297,A
3dkm,D46H,0.3239814639091491,A
3dkm,D46R,0.3878485262393951,A
3dkm,D46K,0.3818145990371704,A
3dkm,D46T,0.3073554635047912,A
3dkm,D46S,0.114879623055458,A
3dkm,D46A,0.12815622985363,A
3dkm,D46G,-0.1272503584623336,A
3dkm,D46M,0.2899291515350342,A
3dkm,D46L,0.3044784963130951,A
3dkm,D46V,0.2017141431570053,A
3dkm,D46I,0.1372952461242675,A
3dkm,D46W,0.2468121796846389,A
3dkm,D46Y,0.040492545813322,A
3dkm,D46F,0.1561943888664245,A
3dkm,D46P,0.0606444366276264,A
3dkm,D46C,0.8881180882453918,A
3dkm,V47I,-1.142586588859558,A
3dkm,V47W,-2.689947366714477,A
3dkm,V47C,-2.509533166885376,A
3dkm,T48Q,-0.0633454471826553,A
3dkm,T48E,-0.1256709396839141,A
3dkm,T48N,-0.5985128879547119,A
3dkm,T48H,-0.2576924562454223,A
3dkm,T48D,-0.5408605933189392,A
3dkm,T48R,-0.1522124260663986,A
3dkm,T48K,-0.0861739367246627,A
3dkm,T48S,-0.3103860914707184,A
3dkm,T48A,-0.3199972212314605,A
3dkm,T48G,-1.4826074838638306,A
3dkm,T48M,-0.0662961602210998,A
3dkm,T48L,-0.0641574338078498,A
3dkm,T48V,-0.066021479666233,A
3dkm,T48I,-0.0631541535258293,A
3dkm,T48W,-0.9103877544403076,A
3dkm,T48Y,-0.6815904974937439,A
3dkm,T48F,-0.7913185954093933,A
3dkm,T48C,0.4745338261127472,A
3dkm,W49L,-3.2368524074554443,A
3dkm,W49Y,-3.445857524871826,A
3dkm,W49F,-3.163975954055786,A
3dkm,D50Q,-1.7901155948638916,A
3dkm,D50E,-1.468721866607666,A
3dkm,D50N,-1.8892855644226076,A
3dkm,D50H,-1.5350631475448608,A
3dkm,D50R,-2.0696463584899902,A
3dkm,D50K,-1.7107428312301636,A
3dkm,D50T,-2.20248818397522,A
3dkm,D50S,-1.8837709426879885,A
3dkm,D50A,-1.5993225574493408,A
3dkm,D50G,-3.202115774154663,A
3dkm,D50M,-2.006877422332764,A
3dkm,D50L,-1.6160966157913208,A
3dkm,D50V,-1.6083320379257202,A
3dkm,D50I,-1.8168413639068604,A
3dkm,D50W,-3.0951690673828125,A
3dkm,D50Y,-2.138723611831665,A
3dkm,D50F,-1.5711028575897217,A
3dkm,D50C,-1.6520689725875854,A
3dkm,A51Q,-0.386685848236084,A
3dkm,A51E,-0.6251744031906128,A
3dkm,A51N,-0.1743537634611129,A
3dkm,A51H,0.2100606113672256,A
3dkm,A51D,-0.6498644351959229,A
3dkm,A51R,-0.3187244236469269,A
3dkm,A51K,-0.393025666475296,A
3dkm,A51T,-0.2605151236057281,A
3dkm,A51S,-0.1048725768923759,A
3dkm,A51G,-0.5424706935882568,A
3dkm,A51M,-0.2198929637670517,A
3dkm,A51L,-0.7604783177375793,A
3dkm,A51V,-0.7259085774421692,A
3dkm,A51I,-0.8760080337524414,A
3dkm,A51W,0.0276681371033191,A
3dkm,A51Y,0.0004816954024136,A
3dkm,A51F,-0.329503983259201,A
3dkm,A51P,-3.1385059356689453,A
3dkm,A51C,0.2620286345481872,A
3dkm,G52Q,-2.5317277908325195,A
3dkm,G52E,-3.2674009799957275,A
3dkm,G52N,-2.1718106269836426,A
3dkm,G52H,-2.1545116901397705,A
3dkm,G52D,-2.5828652381896973,A
3dkm,G52R,-2.824784994125366,A
3dkm,G52K,-2.3005287647247314,A
3dkm,G52T,-2.481318235397339,A
3dkm,G52S,-2.2097866535186768,A
3dkm,G52A,-1.6923760175704956,A
3dkm,G52M,-2.241949319839477,A
3dkm,G52L,-2.229274034500122,A
3dkm,G52V,-2.723471403121948,A
3dkm,G52I,-2.9761147499084477,A
3dkm,G52W,-2.650684118270874,A
3dkm,G52Y,-2.1471164226531982,A
3dkm,G52F,-2.338839530944824,A
3dkm,G52C,-1.0069000720977783,A
3dkm,G53Q,-0.2456437051296234,A
3dkm,G53E,-0.365346759557724,A
3dkm,G53N,-0.3450530469417572,A
3dkm,G53H,-0.1976775377988815,A
3dkm,G53D,-0.680767297744751,A
3dkm,G53R,-0.905330777168274,A
3dkm,G53K,-0.7758263349533081,A
3dkm,G53T,-0.3486430048942566,A
3dkm,G53S,-0.4549139440059662,A
3dkm,G53A,-0.6754009127616882,A
3dkm,G53M,-0.2898490726947784,A
3dkm,G53L,-0.36662158370018,A
3dkm,G53V,-0.2481837421655655,A
3dkm,G53I,-0.1698163151741027,A
3dkm,G53W,-0.8610161542892456,A
3dkm,G53Y,-0.3503960967063904,A
3dkm,G53F,-0.3537499606609344,A
3dkm,G53P,-1.0786482095718384,A
3dkm,G53C,0.3381096422672272,A
3dkm,S54Q,-0.1130403205752372,A
3dkm,S54E,-0.4611899554729461,A
3dkm,S54N,-0.3055023550987243,A
3dkm,S54H,-0.1199071407318115,A
3dkm,S54D,-0.903608739376068,A
3dkm,S54R,0.1183193698525428,A
3dkm,S54K,-0.1670867353677749,A
3dkm,S54T,0.1797759383916854,A
3dkm,S54A,-0.3213994204998016,A
3dkm,S54G,-0.6560443639755249,A
3dkm,S54M,0.0277316104620695,A
3dkm,S54L,-0.4531685709953308,A
3dkm,S54V,-0.2097030729055404,A
3dkm,S54I,-0.2458611875772476,A
3dkm,S54W,-0.1703215092420578,A
3dkm,S54Y,-0.1990755647420883,A
3dkm,S54F,-0.1095129027962684,A
3dkm,S54P,-2.3417422771453857,A
3dkm,S54C,0.6134586334228516,A
3dkm,N55Q,-0.7980955243110657,A
3dkm,N55E,-0.9582905173301696,A
3dkm,N55H,0.1399259716272354,A
3dkm,N55D,-0.8068976402282715,A
3dkm,N55R,-0.8065740466117859,A
3dkm,N55K,-0.9568372964859008,A
3dkm,N55T,-1.738664984703064,A
3dkm,N55S,-0.2644940018653869,A
3dkm,N55A,-0.0755461677908897,A
3dkm,N55G,0.4380526840686798,A
3dkm,N55M,-0.918588638305664,A
3dkm,N55L,-1.3925849199295044,A
3dkm,N55V,-1.564228892326355,A
3dkm,N55I,-1.5555834770202637,A
3dkm,N55W,-0.0066839167848229,A
3dkm,N55Y,0.4697141051292419,A
3dkm,N55F,0.2482584863901138,A
3dkm,N55P,-2.796358823776245,A
3dkm,N55C,0.180826187133789,A
3dkm,S56Q,-0.155022531747818,A
3dkm,S56E,-0.8813285827636719,A
3dkm,S56N,-0.4868485331535339,A
3dkm,S56H,-0.3416900634765625,A
3dkm,S56D,-2.211160659790039,A
3dkm,S56R,0.3852506577968597,A
3dkm,S56K,0.3082640469074249,A
3dkm,S56T,-0.0846341997385025,A
3dkm,S56A,-0.1013872176408767,A
3dkm,S56G,-1.009947657585144,A
3dkm,S56M,-0.1323761492967605,A
3dkm,S56L,-0.2800146341323852,A
3dkm,S56V,-0.2533028125762939,A
3dkm,S56I,-0.4106754064559936,A
3dkm,S56W,-0.2499700784683227,A
3dkm,S56Y,-0.3307134509086609,A
3dkm,S56F,-0.5040549635887146,A
3dkm,S56P,-1.4698461294174194,A
3dkm,S56C,0.7706344723701477,A
3dkm,Y57Q,-2.405921936035156,A
3dkm,Y57E,-2.924032211303711,A
3dkm,Y57N,-3.4107608795166016,A
3dkm,Y57H,-2.4662129878997803,A
3dkm,Y57A,-2.354785203933716,A
3dkm,Y57M,-2.0512890815734863,A
3dkm,Y57L,-2.33106541633606,A
3dkm,Y57V,-1.778754472732544,A
3dkm,Y57I,-3.046276807785034,A
3dkm,Y57W,-2.476323366165161,A
3dkm,Y57F,-2.1902284622192383,A
3dkm,Y57C,-1.5087313652038574,A
3dkm,R58Q,-3.209942102432251,A
3dkm,R58N,-3.137540578842163,A
3dkm,R58H,-2.631877183914185,A
3dkm,R58K,-3.357499122619629,A
3dkm,R58G,-2.5354673862457275,A
3dkm,R58M,-2.8801028728485107,A
3dkm,R58L,-2.4777214527130127,A
3dkm,R58I,-2.503005266189575,A
3dkm,R58W,-2.0645620822906494,A
3dkm,R58Y,-2.385427236557007,A
3dkm,R58F,-2.411819696426392,A
3dkm,R58P,-3.2426013946533203,A
3dkm,R58C,-2.6825509071350098,A
3dkm,M59Q,-2.544629573822021,A
3dkm,M59E,-3.223386287689209,A
3dkm,M59N,-2.1320066452026367,A
3dkm,M59H,-1.5356082916259766,A
3dkm,M59T,-3.282036781311035,A
3dkm,M59S,-2.8245632648468018,A
3dkm,M59A,-1.2792125940322876,A
3dkm,M59G,-2.9264278411865234,A
3dkm,M59L,-1.0450865030288696,A
3dkm,M59V,-0.8174254298210144,A
3dkm,M59I,-1.47626793384552,A
3dkm,M59W,-0.6713659167289734,A
3dkm,M59Y,-0.3142174482345581,A
3dkm,M59F,-0.5647437572479248,A
3dkm,M59C,-0.4488644003868103,A
3dkm,G60Q,-2.5164096355438232,A
3dkm,G60E,-3.1075990200042725,A
3dkm,G60N,-2.449519395828247,A
3dkm,G60D,-3.103571891784668,A
3dkm,G60R,-2.013775587081909,A
3dkm,G60K,-3.08477520942688,A
3dkm,G60T,-2.750761747360229,A
3dkm,G60S,-1.560275912284851,A
3dkm,G60L,-2.6723334789276123,A
3dkm,G60V,-2.426743984222412,A
3dkm,G60I,-2.5160012245178223,A
3dkm,G60W,-1.928570032119751,A
3dkm,G60Y,-2.034817934036255,A
3dkm,G60F,-2.79738187789917,A
3dkm,G60C,-1.4005346298217771,A
3dkm,A61Q,-1.9223225116729736,A
3dkm,A61E,-2.3799257278442383,A
3dkm,A61N,-1.0022203922271729,A
3dkm,A61H,-0.2809755802154541,A
3dkm,A61D,-1.7047598361968994,A
3dkm,A61R,-1.6324409246444702,A
3dkm,A61K,-1.7971179485321045,A
3dkm,A61T,-1.7262718677520752,A
3dkm,A61S,-0.7816405892372131,A
3dkm,A61G,-1.1469461917877195,A
3dkm,A61M,-1.571609377861023,A
3dkm,A61L,-1.6216973066329956,A
3dkm,A61V,-1.2036213874816897,A
3dkm,A61I,-1.3875805139541626,A
3dkm,A61W,-0.0126419076696038,A
3dkm,A61Y,0.2179551124572754,A
3dkm,A61F,0.151713415980339,A
3dkm,A61P,-2.8607213497161865,A
3dkm,A61C,-0.6287222504615784,A
3dkm,E62Q,0.0030389952007681,A
3dkm,E62N,-0.2692784368991852,A
3dkm,E62H,-0.1959102004766464,A
3dkm,E62D,-0.1647050529718399,A
3dkm,E62R,-0.857949435710907,A
3dkm,E62K,-0.6431981921195984,A
3dkm,E62T,-1.4576176404953003,A
3dkm,E62S,-0.3695135116577148,A
3dkm,E62A,-0.3892159759998321,A
3dkm,E62G,-0.1263073086738586,A
3dkm,E62M,-0.2960324883460998,A
3dkm,E62L,-0.6396772861480713,A
3dkm,E62V,-1.5569645166397097,A
3dkm,E62I,-1.7198092937469482,A
3dkm,E62W,-0.4347564578056335,A
3dkm,E62Y,-0.0667970329523086,A
3dkm,E62F,-0.1383876204490661,A
3dkm,E62C,0.575117826461792,A
3dkm,G63Q,-0.8839533925056458,A
3dkm,G63E,-1.09879469871521,A
3dkm,G63N,-0.1304874867200851,A
3dkm,G63H,-0.9823691248893738,A
3dkm,G63D,-0.6150567531585693,A
3dkm,G63R,-1.0546610355377195,A
3dkm,G63K,-1.2023683786392212,A
3dkm,G63T,-1.6957553625106812,A
3dkm,G63S,-0.8682793974876404,A
3dkm,G63A,-0.9740384221076964,A
3dkm,G63M,-0.5059595108032227,A
3dkm,G63L,-0.9227551817893982,A
3dkm,G63V,-1.7709012031555176,A
3dkm,G63I,-1.4324378967285156,A
3dkm,G63W,-0.7214645743370056,A
3dkm,G63Y,-0.9640968441963196,A
3dkm,G63F,-0.7716905474662781,A
3dkm,G63C,0.5449175834655762,A
3dkm,K64Q,-0.9340277314186096,A
3dkm,K64E,-1.896965503692627,A
3dkm,K64N,-1.6187797784805298,A
3dkm,K64H,-1.2582581043243408,A
3dkm,K64D,-2.8025848865509038,A
3dkm,K64R,-0.4400869905948639,A
3dkm,K64T,-1.87995183467865,A
3dkm,K64S,-0.4694118797779083,A
3dkm,K64A,0.0735243335366249,A
3dkm,K64G,-1.5403252840042114,A
3dkm,K64M,-0.4117160439491272,A
3dkm,K64L,-1.908383846282959,A
3dkm,K64V,-1.582552433013916,A
3dkm,K64I,-1.6616172790527344,A
3dkm,K64W,-1.849783182144165,A
3dkm,K64Y,-0.8725472092628479,A
3dkm,K64F,-0.8228009343147278,A
3dkm,K64P,-3.403411626815796,A
3dkm,K64C,0.6573669910430908,A
3dkm,F65Q,-1.903597116470337,A
3dkm,F65E,-2.4696881771087646,A
3dkm,F65N,-2.318847417831421,A
3dkm,F65H,-1.4964470863342283,A
3dkm,F65R,-2.076422929763794,A
3dkm,F65K,-1.9421067237854004,A
3dkm,F65T,-1.521713376045227,A
3dkm,F65S,-2.193453073501587,A
3dkm,F65A,-1.8149118423461916,A
3dkm,F65M,-0.9000889658927917,A
3dkm,F65L,-1.3481550216674805,A
3dkm,F65V,-1.345991134643555,A
3dkm,F65I,-1.3187155723571775,A
3dkm,F65W,-0.1150904148817062,A
3dkm,F65Y,-0.0787848532199859,A
3dkm,F65C,-0.2727586925029754,A
3dkm,D66Q,-2.25978684425354,A
3dkm,D66E,-0.5452526211738586,A
3dkm,D66H,-2.434223175048828,A
3dkm,D66R,-3.2934112548828125,A
3dkm,D66K,-2.8545918464660645,A
3dkm,D66T,-1.9292343854904173,A
3dkm,D66S,-2.463588237762451,A
3dkm,D66A,-2.799504041671753,A
3dkm,D66G,-3.3778767585754395,A
3dkm,D66M,-2.0813138484954834,A
3dkm,D66L,-2.4265835285186768,A
3dkm,D66V,-2.1454317569732666,A
3dkm,D66I,-2.657354593276977,A
3dkm,D66W,-2.493450164794922,A
3dkm,D66Y,-2.315638303756714,A
3dkm,D66F,-1.7347638607025146,A
3dkm,D66P,-3.064579725265503,A
3dkm,D66C,-1.9617998600006104,A
3dkm,L67R,-3.250386476516724,A
3dkm,L67A,-2.862199068069458,A
3dkm,L67V,-0.9682615399360656,A
3dkm,L67I,-0.4660449624061584,A
3dkm,L67W,-3.031579971313477,A
3dkm,L67Y,-3.058058023452759,A
3dkm,L67F,-2.56559681892395,A
3dkm,L67P,-3.162660360336304,A
3dkm,L67C,-2.382831335067749,A
3dkm,K68Q,0.0653928592801094,A
3dkm,K68E,-0.1231007203459739,A
3dkm,K68N,-0.176285520195961,A
3dkm,K68H,-0.4372080564498901,A
3dkm,K68D,-0.3756515085697174,A
3dkm,K68R,-0.0186339579522609,A
3dkm,K68T,-0.209680363535881,A
3dkm,K68S,-0.0783994272351265,A
3dkm,K68A,0.2688445746898651,A
3dkm,K68G,-0.9403507709503174,A
3dkm,K68M,0.1822556853294372,A
3dkm,K68L,0.0143998637795448,A
3dkm,K68V,-0.0672591477632522,A
3dkm,K68I,-0.1693637520074844,A
3dkm,K68W,-0.12189781665802,A
3dkm,K68Y,0.0705931037664413,A
3dkm,K68F,-0.0893894284963607,A
3dkm,L69Q,-1.0937365293502808,A
3dkm,L69E,-1.593597412109375,A
3dkm,L69N,-1.7167879343032837,A
3dkm,L69H,-0.8737673163414001,A
3dkm,L69D,-2.438352584838867,A
3dkm,L69R,-0.9381688833236694,A
3dkm,L69K,-1.4456298351287842,A
3dkm,L69T,-1.4501280784606934,A
3dkm,L69S,-1.2962596416473389,A
3dkm,L69A,-0.8215327858924866,A
3dkm,L69G,-1.7499617338180542,A
3dkm,L69M,-0.3343012630939483,A
3dkm,L69V,-0.5943247079849243,A
3dkm,L69I,-0.3596530854701996,A
3dkm,L69W,-0.5384783744812012,A
3dkm,L69Y,-0.4475990831851959,A
3dkm,L69F,0.5646086931228638,A
3dkm,L69P,-0.5714592933654785,A
3dkm,L69C,0.04724782705307,A
3dkm,A70Q,-0.5227125883102417,A
3dkm,A70E,-0.8392097353935242,A
3dkm,A70N,-1.0502831935882568,A
3dkm,A70H,-0.8105998635292053,A
3dkm,A70D,-1.3821368217468262,A
3dkm,A70R,-0.6082185506820679,A
3dkm,A70K,-0.4467455148696899,A
3dkm,A70T,-0.2584212720394134,A
3dkm,A70S,-0.1472216844558715,A
3dkm,A70G,-0.914736270904541,A
3dkm,A70M,-0.3926769495010376,A
3dkm,A70L,-0.1941990852355957,A
3dkm,A70V,0.1447023004293441,A
3dkm,A70I,0.0100149754434823,A
3dkm,A70W,-1.0589011907577517,A
3dkm,A70Y,-0.9510683417320251,A
3dkm,A70F,-0.9753971099853516,A
3dkm,A70P,-1.6009987592697144,A
3dkm,A70C,-0.0176858697086572,A
3dkm,P71Q,0.002091129310429,A
3dkm,P71E,0.0575343072414398,A
3dkm,P71N,0.2638793587684631,A
3dkm,P71H,0.0920427814126014,A
3dkm,P71D,-0.0106470193713903,A
3dkm,P71R,0.0692309215664863,A
3dkm,P71K,-0.044069867581129,A
3dkm,P71T,0.0161101073026657,A
3dkm,P71S,0.0916543900966644,A
3dkm,P71A,-0.037653062492609,A
3dkm,P71G,0.0509617589414119,A
3dkm,P71M,-0.1271927058696746,A
3dkm,P71L,-0.1424858719110489,A
3dkm,P71V,0.075495421886444,A
3dkm,P71I,-0.0374056547880172,A
3dkm,P71W,0.0526588261127471,A
3dkm,P71Y,0.0439425483345985,A
3dkm,P71F,0.0778745859861373,A
